-- phpMyAdmin SQL Dump
-- version 5.1.3
-- https://www.phpmyadmin.net/
--
-- Servidor: localhost
-- Tiempo de generación: 16-08-2022 a las 02:58:55
-- Versión del servidor: 5.7.24
-- Versión de PHP: 7.2.19

SET SQL_MODE = "NO_AUTO_VALUE_ON_ZERO";
START TRANSACTION;
SET time_zone = "+00:00";


/*!40101 SET @OLD_CHARACTER_SET_CLIENT=@@CHARACTER_SET_CLIENT */;
/*!40101 SET @OLD_CHARACTER_SET_RESULTS=@@CHARACTER_SET_RESULTS */;
/*!40101 SET @OLD_COLLATION_CONNECTION=@@COLLATION_CONNECTION */;
/*!40101 SET NAMES utf8mb4 */;

--
-- Base de datos: `project_cg`
--

-- --------------------------------------------------------

--
-- Estructura de tabla para la tabla `categoria`
--

CREATE TABLE `categoria` (
  `idcategoria` bigint(20) NOT NULL,
  `nombre` varchar(100) COLLATE utf8mb4_swedish_ci NOT NULL,
  `descripcion` text COLLATE utf8mb4_swedish_ci NOT NULL,
  `portada` varchar(100) COLLATE utf8mb4_swedish_ci NOT NULL,
  `datacreated` datetime NOT NULL,
  `status` int(11) NOT NULL DEFAULT '1'
) ENGINE=InnoDB DEFAULT CHARSET=utf8mb4 COLLATE=utf8mb4_swedish_ci;

-- --------------------------------------------------------

--
-- Estructura de tabla para la tabla `modulos`
--

CREATE TABLE `modulos` (
  `idmodulo` bigint(20) NOT NULL,
  `titulo` varchar(80) COLLATE utf8mb4_swedish_ci NOT NULL,
  `descripcion` text COLLATE utf8mb4_swedish_ci NOT NULL,
  `status` int(11) NOT NULL DEFAULT '1'
) ENGINE=InnoDB DEFAULT CHARSET=utf8mb4 COLLATE=utf8mb4_swedish_ci;

--
-- Volcado de datos para la tabla `modulos`
--

INSERT INTO `modulos` (`idmodulo`, `titulo`, `descripcion`, `status`) VALUES
(1, 'Sistema', 'Página principal - Sistema', 1),
(2, 'Usuarios', 'Pagina - Usuarios', 1),
(3, 'Roles', 'Pagina - Roles', 1),
(4, 'Productos', 'Pagina - Productos', 1),
(5, 'Categorias', 'Pagina - Categorias', 1);

-- --------------------------------------------------------

--
-- Estructura de tabla para la tabla `permisos`
--

CREATE TABLE `permisos` (
  `idpermiso` bigint(20) NOT NULL,
  `rolid` bigint(20) NOT NULL,
  `moduloid` bigint(20) NOT NULL,
  `ver` int(11) NOT NULL DEFAULT '0',
  `crear` int(11) NOT NULL DEFAULT '0',
  `actualizar` int(11) NOT NULL DEFAULT '0',
  `eliminar` int(11) NOT NULL DEFAULT '0'
) ENGINE=InnoDB DEFAULT CHARSET=utf8mb4 COLLATE=utf8mb4_swedish_ci;

--
-- Volcado de datos para la tabla `permisos`
--

INSERT INTO `permisos` (`idpermiso`, `rolid`, `moduloid`, `ver`, `crear`, `actualizar`, `eliminar`) VALUES
(447, 2, 1, 1, 0, 0, 0),
(448, 2, 2, 1, 1, 0, 1),
(451, 2, 3, 0, 0, 0, 0),
(607, 3, 1, 1, 0, 0, 0),
(608, 3, 2, 1, 0, 0, 0),
(611, 3, 3, 0, 0, 0, 0),
(617, 1, 1, 1, 0, 0, 0),
(618, 1, 2, 1, 1, 1, 1),
(619, 1, 3, 1, 1, 1, 1),
(620, 1, 4, 1, 0, 0, 0),
(621, 1, 5, 1, 1, 1, 1);

-- --------------------------------------------------------

--
-- Estructura de tabla para la tabla `roles`
--

CREATE TABLE `roles` (
  `idrol` bigint(20) NOT NULL,
  `nombrerol` varchar(80) COLLATE utf8mb4_swedish_ci NOT NULL,
  `descripcion` text COLLATE utf8mb4_swedish_ci NOT NULL,
  `status` int(11) NOT NULL DEFAULT '1'
) ENGINE=InnoDB DEFAULT CHARSET=utf8mb4 COLLATE=utf8mb4_swedish_ci;

--
-- Volcado de datos para la tabla `roles`
--

INSERT INTO `roles` (`idrol`, `nombrerol`, `descripcion`, `status`) VALUES
(1, 'Administrador', 'Todos los permisos', 1),
(2, 'Supervisor', 'Solo ciertos permisos', 1),
(3, 'Suplente', 'Suplente  Permisos restringidos', 1),
(4, 'Vendedor', 'Vendedor - No tiene permisos', 1),
(5, 'Cliente', 'Cliente - No hay permisos', 0);

-- --------------------------------------------------------

--
-- Estructura de tabla para la tabla `usuario`
--

CREATE TABLE `usuario` (
  `idusuario` bigint(20) NOT NULL,
  `identificacion` varchar(30) COLLATE utf8mb4_swedish_ci NOT NULL,
  `nombres` varchar(80) COLLATE utf8mb4_swedish_ci NOT NULL,
  `apellidos` varchar(100) COLLATE utf8mb4_swedish_ci NOT NULL,
  `telefono` bigint(20) NOT NULL,
  `email_user` varchar(100) COLLATE utf8mb4_swedish_ci NOT NULL,
  `password` varchar(100) COLLATE utf8mb4_swedish_ci NOT NULL,
  `toke` varchar(100) COLLATE utf8mb4_swedish_ci DEFAULT NULL,
  `rolid` bigint(20) NOT NULL,
  `datecreate` datetime NOT NULL DEFAULT CURRENT_TIMESTAMP,
  `status` int(11) NOT NULL DEFAULT '1'
) ENGINE=InnoDB DEFAULT CHARSET=utf8mb4 COLLATE=utf8mb4_swedish_ci;

--
-- Volcado de datos para la tabla `usuario`
--

INSERT INTO `usuario` (`idusuario`, `identificacion`, `nombres`, `apellidos`, `telefono`, `email_user`, `password`, `toke`, `rolid`, `datecreate`, `status`) VALUES
(1, '123', 'Carlos', 'Pozo', 6545498454, 'carlospozo95@gmail.com', 'ac9c2c34c9f7ad52528c3422af40a66e2e24aaf2a727831255413c9470158984', NULL, 1, '2022-07-23 18:54:53', 1),
(2, '456', 'Andres', 'Ramirez', 994603678, 'carlos.pfloger@yahoo.com', 'ac9c2c34c9f7ad52528c3422af40a66e2e24aaf2a727831255413c9470158984', NULL, 2, '2022-08-06 18:58:01', 1),
(3, '789', 'Freddy', 'Magallanes', 994603678, 'carlos.pflogger@hotmail.com', 'ac9c2c34c9f7ad52528c3422af40a66e2e24aaf2a727831255413c9470158984', NULL, 3, '2022-08-12 20:41:37', 1);

--
-- Índices para tablas volcadas
--

--
-- Indices de la tabla `categoria`
--
ALTER TABLE `categoria`
  ADD PRIMARY KEY (`idcategoria`);

--
-- Indices de la tabla `modulos`
--
ALTER TABLE `modulos`
  ADD PRIMARY KEY (`idmodulo`);

--
-- Indices de la tabla `permisos`
--
ALTER TABLE `permisos`
  ADD PRIMARY KEY (`idpermiso`),
  ADD KEY `rolid` (`rolid`),
  ADD KEY `moduloid` (`moduloid`);

--
-- Indices de la tabla `roles`
--
ALTER TABLE `roles`
  ADD PRIMARY KEY (`idrol`);

--
-- Indices de la tabla `usuario`
--
ALTER TABLE `usuario`
  ADD PRIMARY KEY (`idusuario`),
  ADD KEY `rolid` (`rolid`);

--
-- AUTO_INCREMENT de las tablas volcadas
--

--
-- AUTO_INCREMENT de la tabla `categoria`
--
ALTER TABLE `categoria`
  MODIFY `idcategoria` bigint(20) NOT NULL AUTO_INCREMENT;

--
-- AUTO_INCREMENT de la tabla `modulos`
--
ALTER TABLE `modulos`
  MODIFY `idmodulo` bigint(20) NOT NULL AUTO_INCREMENT, AUTO_INCREMENT=6;

--
-- AUTO_INCREMENT de la tabla `permisos`
--
ALTER TABLE `permisos`
  MODIFY `idpermiso` bigint(20) NOT NULL AUTO_INCREMENT, AUTO_INCREMENT=622;

--
-- AUTO_INCREMENT de la tabla `roles`
--
ALTER TABLE `roles`
  MODIFY `idrol` bigint(20) NOT NULL AUTO_INCREMENT, AUTO_INCREMENT=6;

--
-- AUTO_INCREMENT de la tabla `usuario`
--
ALTER TABLE `usuario`
  MODIFY `idusuario` bigint(20) NOT NULL AUTO_INCREMENT, AUTO_INCREMENT=4;

--
-- Restricciones para tablas volcadas
--

--
-- Filtros para la tabla `permisos`
--
ALTER TABLE `permisos`
  ADD CONSTRAINT `permisos_ibfk_1` FOREIGN KEY (`rolid`) REFERENCES `roles` (`idrol`) ON DELETE CASCADE ON UPDATE CASCADE,
  ADD CONSTRAINT `permisos_ibfk_2` FOREIGN KEY (`moduloid`) REFERENCES `modulos` (`idmodulo`) ON DELETE CASCADE ON UPDATE CASCADE;

--
-- Filtros para la tabla `usuario`
--
ALTER TABLE `usuario`
  ADD CONSTRAINT `usuario_ibfk_1` FOREIGN KEY (`rolid`) REFERENCES `roles` (`idrol`) ON DELETE CASCADE ON UPDATE CASCADE;
COMMIT;

/*!40101 SET CHARACTER_SET_CLIENT=@OLD_CHARACTER_SET_CLIENT */;
/*!40101 SET CHARACTER_SET_RESULTS=@OLD_CHARACTER_SET_RESULTS */;
/*!40101 SET COLLATION_CONNECTION=@OLD_COLLATION_CONNECTION */;
